run_id,condition_key,group,label,state,created_at,max_step,best_train_bpb,last_train_bpb,final_val_bpb_exact,final_quant_bpb,total_submission_bytes,total_submission_mb,limit_status,over_budget,quant_method,quant_bytes,raw_model_bytes,delta_vs_baseline,n_val_pts,baseline_bpb,log_raw_model_bytes_all,log_serialized_quant_all,log_total_submission_all,log_limit_status_all,log_final_exact_all,log_final_fast_all,log_peak_mem_all,quant_payload_bytes,quant_raw_torch_bytes,quant_ratio,total_submission_method,final_method,final_val_loss_exact,final_eval_time_ms,peak_alloc_mib,peak_reserved_mib,summary.final/val_bpb,summary.final/val_loss,summary.quant_bits,summary.step,summary.train/loss,summary.val/bpb,summary.val/loss,cfg.seed,cfg.embed_lr,cfg.mlp_mult,cfg.n_params,cfg.matrix_lr,cfg.model_dim,cfg.num_heads,cfg.iterations,cfg.num_layers,cfg.quant_bits,cfg.vocab_size,cfg.qat_enabled,cfg.num_kv_heads,cfg.late_qat_frac,cfg.train_batch_tokens,summary.pos_enc,cfg.pos_enc,cfg.rope_dims,limit_bytes,summary.optimizer_type,cfg.adamw_lr,cfg.adamw_wd,cfg.adafactor_lr,cfg.optimizer_type,cfg.param_rank,cfg.param_seed,cfg.param_style,cfg.param_groups,summary.param_style,cfg.sliding_eval_stride
mqa_12L_mlp2_int8_20k,mqa_12L_mlp2_int8,O9_attn,MQA + 12L + MLP=2 + INT8,finished,2026-04-24T02:52:47Z,20000,1.190890546611446,1.190890546611446,1.19796092,1.1979609235106936,19559513.0,19.559513,OVER,True,,,79847158.0,-0.026439076489306323,41,1.2244,[79847158],[],"[{""method"": ""int8_ptq+zlib"", ""bytes"": 19559513}]","[{""limit_bytes"": 16000000, ""status"": ""OVER""}]","[{""method"": ""int8_ptq_zlib"", ""val_loss"": 2.02270684, ""val_bpb"": 1.19796092}]","[{""method"": ""int8_ptq_zlib"", ""val_loss"": 2.0227, ""val_bpb"": 1.198, ""eval_time_ms"": 31279}]","[{""allocated_mib"": 12597, ""reserved_mib"": 12838}]",,,,int8_ptq+zlib,int8_ptq_zlib,2.02270684,31279.0,12597.0,12838.0,1.1979609235106936,2.022706838804166,8.0,20000,2.0275163650512695,1.190890546611446,2.0107688035758384,1337,0.6,2,20212832,0.04,512,8,20000,12,8.0,1024,True,1,0.1,524288,,partial,32.0,16000000.0,,,,,,128.0,20260418.0,dense,4.0,dense,0.0
o1_int6_20k,o1_int6,O1_quant,INT6 QAT+PTQ,finished,2026-04-18T23:55:09Z,20000,1.2083173976316872,1.2083173976316872,1.34889946,1.3488994569605177,11986207.0,11.986207,,,int6_qat+zlib,11937828.0,,0.12449945696051778,41,1.2244,[],"[{""method"": ""int6_qat+zlib"", ""bytes"": 11937828, ""payload"": 17178912, ""raw_torch"": 17223564, ""ratio"": 3.91}]","[{""method"": ""int6_qat+zlib"", ""bytes"": 11986207}]",[],"[{""method"": ""int6_qat_zlib"", ""val_loss"": 2.27756023, ""val_bpb"": 1.34889946}]","[{""method"": ""int6_qat_zlib"", ""val_loss"": 2.2776, ""val_bpb"": 1.3489, ""eval_time_ms"": 24991}]","[{""allocated_mib"": 10286, ""reserved_mib"": 10360}]",17178912.0,17223564.0,3.91,int6_qat+zlib,int6_qat_zlib,2.27756023,24991.0,10286.0,10360.0,1.3488994569605175,2.2775602299759905,6.0,20000,2.058283567428589,1.2083173976316872,2.0401933115423945,1337,0.6,2,17059912,0.04,512,8,20000,9,6.0,1024,True,4,0.1,524288,,,,,,,,,,,,,,,
o1_int6_s1337,o1_int6,O1_quant,INT6 QAT+PTQ,finished,2026-04-16T19:07:33Z,5000,1.2512172412837004,1.2512172412837004,1.32059328,1.3205932803842098,11953184.0,11.953184,,,int6_qat+zlib,11904805.0,,0.09619328038420982,11,1.2244,[],"[{""method"": ""int6_qat+zlib"", ""bytes"": 11904805, ""payload"": 17178912, ""raw_torch"": 17223961, ""ratio"": 3.91}]","[{""method"": ""int6_qat+zlib"", ""bytes"": 11953184}]",[],"[{""method"": ""int6_qat_zlib"", ""val_loss"": 2.22976644, ""val_bpb"": 1.32059328}]","[{""method"": ""int6_qat_zlib"", ""val_loss"": 2.2298, ""val_bpb"": 1.3206, ""eval_time_ms"": 24279}]","[{""allocated_mib"": 10221, ""reserved_mib"": 10510}]",17178912.0,17223961.0,3.91,int6_qat+zlib,int6_qat_zlib,2.22976644,24279.0,10221.0,10510.0,1.3205932803842098,2.229766436524442,6.0,5000,2.1870031356811523,1.2512172412837004,2.1126279005474022,1337,0.6,2,17059912,0.04,512,8,5000,9,6.0,1024,True,4,0.1,524288,,,,,,,,,,,,,,,
o1_int8_20k,o1_int8,O1_quant,INT8 PTQ (baseline),finished,2026-04-18T19:36:59Z,20000,1.2082296986804528,1.2082296986804528,1.21605418,1.216054175124818,15870387.0,15.870387,,,int8_ptq+zlib,15822008.0,,-0.008345824875181984,41,1.2244,[],"[{""method"": ""int8_ptq+zlib"", ""bytes"": 15822008, ""payload"": 17178912, ""raw_torch"": 17223564, ""ratio"": 3.91}]","[{""method"": ""int8_ptq+zlib"", ""bytes"": 15870387}]",[],"[{""method"": ""int8_ptq_zlib"", ""val_loss"": 2.05325654, ""val_bpb"": 1.21605418}]","[{""method"": ""int8_ptq_zlib"", ""val_loss"": 2.0533, ""val_bpb"": 1.2161, ""eval_time_ms"": 25051}]","[{""allocated_mib"": 10312, ""reserved_mib"": 10500}]",17178912.0,17223564.0,3.91,int8_ptq+zlib,int8_ptq_zlib,2.05325654,25051.0,10312.0,10500.0,1.216054175124818,2.0532565362591075,8.0,20000,2.057284355163574,1.2082296986804528,2.0400452355367946,1337,0.6,2,17059912,0.04,512,8,20000,9,8.0,1024,True,4,0.1,524288,,,,,,,,,,,,,,,
o1_int8_20k_v2,o1_int8,O1_quant,INT8 PTQ (baseline),finished,2026-05-02T18:10:40Z,20000,1.208175305773406,1.208175305773406,1.21650948,1.2165094819474498,15873391.0,15.873391,,,int8_ptq+zlib,15825012.0,,-0.007890518052550144,41,1.2244,[],"[{""method"": ""int8_ptq+zlib"", ""bytes"": 15825012, ""payload"": 17178912, ""raw_torch"": 17223564, ""ratio"": 3.91}]","[{""method"": ""int8_ptq+zlib"", ""bytes"": 15873391}]",[],"[{""method"": ""int8_ptq_zlib"", ""val_loss"": 2.0540253, ""val_bpb"": 1.21650948}]","[{""method"": ""int8_ptq_zlib"", ""val_loss"": 2.054, ""val_bpb"": 1.2165, ""eval_time_ms"": 24722}]","[{""allocated_mib"": 10312, ""reserved_mib"": 10500}]",17178912.0,17223564.0,3.91,int8_ptq+zlib,int8_ptq_zlib,2.0540253,24722.0,10312.0,10500.0,1.2165094819474498,2.054025302757094,8.0,20000,2.057594060897827,1.208175305773406,2.0399533953916724,1337,0.6,2,17059912,0.04,512,8,20000,9,8.0,1024,True,4,0.1,524288,,,,,,,,,,,,,,,
o1_int8_s123_20k,o1_int8,O1_quant,INT8 PTQ (baseline),finished,2026-04-28T03:16:45Z,20000,1.2110102867607344,1.2110102867607344,1.2195474,1.2195474000661144,15873271.0,15.873271,,,int8_ptq+zlib,15824892.0,,-0.0048525999338855375,41,1.2244,[],"[{""method"": ""int8_ptq+zlib"", ""bytes"": 15824892, ""payload"": 17178912, ""raw_torch"": 17223564, ""ratio"": 3.91}]","[{""method"": ""int8_ptq+zlib"", ""bytes"": 15873271}]",[],"[{""method"": ""int8_ptq_zlib"", ""val_loss"": 2.0591547, ""val_bpb"": 1.2195474}]","[{""method"": ""int8_ptq_zlib"", ""val_loss"": 2.0592, ""val_bpb"": 1.2195, ""eval_time_ms"": 24816}]","[{""allocated_mib"": 10286, ""reserved_mib"": 10552}]",17178912.0,17223564.0,3.91,int8_ptq+zlib,int8_ptq_zlib,2.0591547,24816.0,10286.0,10552.0,1.2195474000661144,2.059154700247241,8.0,20000,2.061483383178711,1.2110102867607344,2.0447401420362494,123,0.6,2,17059912,0.04,512,8,20000,9,8.0,1024,True,4,0.1,524288,,,,,,,,,,,,,,,
o1_int8_s1337,o1_int8,O1_quant,INT8 PTQ (baseline),finished,2026-04-16T13:34:43Z,5000,1.2544689352369862,1.2544689352369862,1.25863803,1.258638034458887,15851587.0,15.851587,,,int8_ptq+zlib,15803208.0,,0.03423803445888707,11,1.2244,[],"[{""method"": ""int8_ptq+zlib"", ""bytes"": 15803208, ""payload"": 17178912, ""raw_torch"": 17224025, ""ratio"": 3.91}]","[{""method"": ""int8_ptq+zlib"", ""bytes"": 15851587}]",[],"[{""method"": ""int8_ptq_zlib"", ""val_loss"": 2.1251576, ""val_bpb"": 1.25863803}]","[{""method"": ""int8_ptq_zlib"", ""val_loss"": 2.1252, ""val_bpb"": 1.2586, ""eval_time_ms"": 24271}]","[{""allocated_mib"": 10221, ""reserved_mib"": 10510}]",17178912.0,17224025.0,3.91,int8_ptq+zlib,int8_ptq_zlib,2.1251576,24271.0,10221.0,10510.0,1.258638034458887,2.1251575989793117,8.0,5000,2.1919264793395996,1.2544689352369862,2.118118249579601,1337,0.6,2,17059912,0.04,512,8,5000,9,8.0,1024,True,4,0.1,524288,,,,,,,,,,,,,,,
o1_int8_s42_20k,o1_int8,O1_quant,INT8 PTQ (baseline),finished,2026-04-27T22:59:07Z,20000,1.2094502293132898,1.2094502293132898,1.21715375,1.2171537464472715,15874052.0,15.874052,,,int8_ptq+zlib,15825673.0,,-0.007246253552728454,41,1.2244,[],"[{""method"": ""int8_ptq+zlib"", ""bytes"": 15825673, ""payload"": 17178912, ""raw_torch"": 17223564, ""ratio"": 3.91}]","[{""method"": ""int8_ptq+zlib"", ""bytes"": 15874052}]",[],"[{""method"": ""int8_ptq_zlib"", ""val_loss"": 2.05511312, ""val_bpb"": 1.21715375}]","[{""method"": ""int8_ptq_zlib"", ""val_loss"": 2.0551, ""val_bpb"": 1.2172, ""eval_time_ms"": 25053}]","[{""allocated_mib"": 10286, ""reserved_mib"": 10552}]",17178912.0,17223564.0,3.91,int8_ptq+zlib,int8_ptq_zlib,2.05511312,25053.0,10286.0,10552.0,1.2171537464472717,2.0551131163778997,8.0,20000,2.059932231903076,1.2094502293132898,2.0421060503843895,42,0.6,2,17059912,0.04,512,8,20000,9,8.0,1024,True,4,0.1,524288,,,,,,,,,,,,,,,
o2_learn_20k,o2_learn,O2_posenc,Learned PE,finished,2026-04-20T04:47:36Z,20000,1.2244262334238438,1.2244262334238438,1.23490954,1.2349095429500137,16300555.0,16.300555,OVER,True,,,,0.010509542950013717,41,1.2244,[],[],"[{""method"": ""int8+zlib"", ""bytes"": 16300555}]","[{""limit_bytes"": 16000000, ""status"": ""OVER""}]","[{""method"": ""int8_zlib"", ""val_loss"": 2.08509304, ""val_bpb"": 1.23490954}]","[{""method"": ""int8_zlib"", ""val_loss"": 2.0851, ""val_bpb"": 1.2349, ""eval_time_ms"": 23507}]","[{""allocated_mib"": 9162, ""reserved_mib"": 9386}]",,,,int8+zlib,int8_zlib,2.08509304,23507.0,9162.0,9386.0,1.2349095429500137,2.0850930350126924,,20000,2.083576917648315,1.2244262334238438,2.0673924060057436,1337,0.6,2,17584200,0.04,512,8,20000,9,,1024,,4,,524288,learned,learned,32.0,16000000.0,,,,,,,,,,,
o2_learn_s1337,o2_learn,O2_posenc,Learned PE,finished,2026-04-17T02:28:10Z,5000,1.2728706492005506,1.2728706492005506,1.27910102,1.279101020659638,16266796.0,16.266796,OVER,True,,,,0.05470102065963811,11,1.2244,[],[],"[{""method"": ""int8+zlib"", ""bytes"": 16266796}]","[{""limit_bytes"": 16000000, ""status"": ""OVER""}]","[{""method"": ""int8_zlib"", ""val_loss"": 2.15970849, ""val_bpb"": 1.27910102}]","[{""method"": ""int8_zlib"", ""val_loss"": 2.1597, ""val_bpb"": 1.2791, ""eval_time_ms"": 24421}]","[{""allocated_mib"": 9648, ""reserved_mib"": 9938}]",,,,int8+zlib,int8_zlib,2.15970849,24421.0,9648.0,9938.0,1.279101020659638,2.159708494019625,,5000,2.2253541946411133,1.2728706492005506,2.1491887727906094,1337,0.6,2,17584200,0.04,512,8,5000,9,,1024,,4,,524288,learned,learned,32.0,16000000.0,,,,,,,,,,,
o2_none_20k,o2_none,O2_posenc,No PE,finished,2026-04-20T09:03:11Z,20000,1.2589313501615773,1.2589313501615773,1.26899458,1.268994580259418,15665265.0,15.665265,,,,,,0.04459458025941809,41,1.2244,[],[],"[{""method"": ""int8+zlib"", ""bytes"": 15665265}]",[],"[{""method"": ""int8_zlib"", ""val_loss"": 2.14264419, ""val_bpb"": 1.26899458}]","[{""method"": ""int8_zlib"", ""val_loss"": 2.1426, ""val_bpb"": 1.269, ""eval_time_ms"": 23160}]","[{""allocated_mib"": 9159, ""reserved_mib"": 9380}]",,,,int8+zlib,int8_zlib,2.14264419,23160.0,9159.0,9380.0,1.268994580259418,2.1426441927454363,,20000,2.143376588821411,1.258931350161577,2.125652850256809,1337,0.6,2,17059912,0.04,512,8,20000,9,,1024,,4,,524288,none,none,32.0,,,,,,,,,,,,
o2_none_s1337,o2_none,O2_posenc,No PE,finished,2026-04-16T21:15:15Z,5000,1.3036382811508476,1.3036382811508476,1.308672,1.3086720028405314,15695462.0,15.695462,,,,,,0.08427200284053149,11,1.2244,[],[],"[{""method"": ""int8+zlib"", ""bytes"": 15695462}]",[],"[{""method"": ""int8_zlib"", ""val_loss"": 2.20963786, ""val_bpb"": 1.308672}]","[{""method"": ""int8_zlib"", ""val_loss"": 2.2096, ""val_bpb"": 1.3087, ""eval_time_ms"": 23856}]","[{""allocated_mib"": 9644, ""reserved_mib"": 9932}]",,,,int8+zlib,int8_zlib,2.20963786,23856.0,9644.0,9932.0,1.3086720028405314,2.2096378587539625,,5000,2.2810862064361572,1.3036382811508476,2.201138630534963,1337,0.6,2,17059912,0.04,512,8,5000,9,,1024,,4,,524288,none,none,32.0,,,,,,,,,,,,
o2_part_20k,o2_part,O2_posenc,Partial RoPE,finished,2026-04-19T20:03:53Z,20000,1.2070559636091076,1.2070559636091076,1.21474255,1.2147425468871607,15873352.0,15.873352,,,,,,-0.009657453112839276,41,1.2244,[],[],"[{""method"": ""int8+zlib"", ""bytes"": 15873352}]",[],"[{""method"": ""int8_zlib"", ""val_loss"": 2.05104191, ""val_bpb"": 1.21474255}]","[{""method"": ""int8_zlib"", ""val_loss"": 2.051, ""val_bpb"": 1.2147, ""eval_time_ms"": 25232}]","[{""allocated_mib"": 10285, ""reserved_mib"": 10520}]",,,,int8+zlib,int8_zlib,2.05104191,25232.0,10285.0,10520.0,1.2147425468871609,2.0510419069216974,,20000,2.0542843341827393,1.2070559636091076,2.0380634330345924,1337,0.6,2,17059912,0.04,512,8,20000,9,,1024,,4,,524288,partial,partial,32.0,,,,,,,,,,,,
o2_part_20k_v2,o2_part,O2_posenc,Partial RoPE,finished,2026-05-02T22:25:41Z,20000,1.206762275446056,1.206762275446056,1.21525299,1.2152529889590942,15870879.0,15.870879,,,,,,-0.009147011040905761,41,1.2244,[],[],"[{""method"": ""int8+zlib"", ""bytes"": 15870879}]",[],"[{""method"": ""int8_zlib"", ""val_loss"": 2.05190377, ""val_bpb"": 1.21525299}]","[{""method"": ""int8_zlib"", ""val_loss"": 2.0519, ""val_bpb"": 1.2153, ""eval_time_ms"": 25173}]","[{""allocated_mib"": 10311, ""reserved_mib"": 10532}]",,,,int8+zlib,int8_zlib,2.05190377,25173.0,10311.0,10532.0,1.2152529889590942,2.0519037669786075,,20000,2.054731845855713,1.206762275446056,2.037567552873377,1337,0.6,2,17059912,0.04,512,8,20000,9,,1024,,4,,524288,partial,partial,32.0,,,,,,,,,,,,
o2_part_lr020_wu1000_20k,o2_part_lr020_wu1000,O10_hpsweep,"Partial RoPE (LR=0.02, warmup=1000)",finished,2026-04-28T16:05:39Z,20000,1.2073554494125254,1.2073554494125254,1.21633244,1.2163324361243482,15909091.0,15.909091,,,,,67224578.0,-0.008067563875651773,41,1.2244,[67224578],[],"[{""method"": ""int8_ptq+zlib"", ""bytes"": 15909091}]",[],"[{""method"": ""int8_ptq_zlib"", ""val_loss"": 2.05372637, ""val_bpb"": 1.21633244}]","[{""method"": ""int8_ptq_zlib"", ""val_loss"": 2.0537, ""val_bpb"": 1.2163, ""eval_time_ms"": 25226}]","[{""allocated_mib"": 10285, ""reserved_mib"": 10360}]",,,,int8_ptq+zlib,int8_ptq_zlib,2.05372637,25226.0,10285.0,10360.0,1.2163324361243482,2.053726368300935,8.0,20000,2.0562667846679688,1.2073554494125254,2.038569102268713,1337,0.6,2,17059912,0.02,512,8,20000,9,8.0,1024,True,4,0.1,524288,,partial,32.0,,,,,,,128.0,20260418.0,dense,4.0,dense,0.0
o2_part_lr020_wu2000_20k,o2_part_lr020_wu2000,O10_hpsweep,"Partial RoPE (LR=0.02, warmup=2000)",finished,2026-04-29T04:46:38Z,20000,1.2073093629669576,1.2073093629669576,1.21621777,1.216217772182529,15911140.0,15.91114,,,,,67224578.0,-0.008182227817471022,41,1.2244,[67224578],[],"[{""method"": ""int8_ptq+zlib"", ""bytes"": 15911140}]",[],"[{""method"": ""int8_ptq_zlib"", ""val_loss"": 2.05353276, ""val_bpb"": 1.21621777}]","[{""method"": ""int8_ptq_zlib"", ""val_loss"": 2.0535, ""val_bpb"": 1.2162, ""eval_time_ms"": 24683}]","[{""allocated_mib"": 10311, ""reserved_mib"": 10532}]",,,,int8_ptq+zlib,int8_ptq_zlib,2.05353276,24683.0,10311.0,10532.0,1.216217772182529,2.0535327630382505,8.0,20000,2.0560595989227295,1.2073093629669576,2.0384912872358543,1337,0.6,2,17059912,0.02,512,8,20000,9,8.0,1024,True,4,0.1,524288,,partial,32.0,,,,,,,128.0,20260418.0,dense,4.0,dense,0.0
o2_part_lr020_wu3000_20k,o2_part_lr020_wu3000,O10_hpsweep,"Partial RoPE (LR=0.02, warmup=3000)",finished,2026-04-28T20:38:39Z,20000,1.2073637457839426,1.2073637457839426,1.21624186,1.2162418620090893,15909538.0,15.909538,,,,,67224578.0,-0.008158137990910586,41,1.2244,[67224578],[],"[{""method"": ""int8_ptq+zlib"", ""bytes"": 15909538}]",[],"[{""method"": ""int8_ptq_zlib"", ""val_loss"": 2.05357344, ""val_bpb"": 1.21624186}]","[{""method"": ""int8_ptq_zlib"", ""val_loss"": 2.0536, ""val_bpb"": 1.2162, ""eval_time_ms"": 25225}]","[{""allocated_mib"": 10285, ""reserved_mib"": 10360}]",,,,int8_ptq+zlib,int8_ptq_zlib,2.05357344,25225.0,10285.0,10360.0,1.2162418620090891,2.0535734377013157,8.0,20000,2.0541791915893555,1.2073637457839426,2.0385831103443297,1337,0.6,2,17059912,0.02,512,8,20000,9,8.0,1024,True,4,0.1,524288,,partial,32.0,,,,,,,128.0,20260418.0,dense,4.0,dense,0.0
o2_part_lr040_wu1000_20k,o2_part_lr040_wu1000,O10_hpsweep,"Partial RoPE (LR=0.04, warmup=1000)",finished,2026-04-29T09:27:18Z,20000,1.207601240635355,1.207601240635355,1.21649942,1.216499420868997,15907239.0,15.907239,,,,,67224578.0,-0.00790057913100295,41,1.2244,[67224578],[],"[{""method"": ""int8_ptq+zlib"", ""bytes"": 15907239}]",[],"[{""method"": ""int8_ptq_zlib"", ""val_loss"": 2.05400832, ""val_bpb"": 1.21649942}]","[{""method"": ""int8_ptq_zlib"", ""val_loss"": 2.054, ""val_bpb"": 1.2165, ""eval_time_ms"": 25247}]","[{""allocated_mib"": 10285, ""reserved_mib"": 10360}]",,,,int8_ptq+zlib,int8_ptq_zlib,2.05400832,25247.0,10285.0,10360.0,1.216499420868997,2.0540083150475676,8.0,20000,2.055633544921875,1.207601240635355,2.0389841104526845,1337,0.6,2,17059912,0.04,512,8,20000,9,8.0,1024,True,4,0.1,524288,,partial,32.0,,,,,,,128.0,20260418.0,dense,4.0,dense,0.0
o2_part_lr040_wu2000_20k,o2_part_lr040_wu2000,O10_hpsweep,"Partial RoPE (LR=0.04, warmup=2000)",finished,2026-04-29T13:59:41Z,20000,1.2073200769292893,1.2073200769292893,1.21620481,1.2162048090503172,15903625.0,15.903625,,,,,67224578.0,-0.008195190949682685,41,1.2244,[67224578],[],"[{""method"": ""int8_ptq+zlib"", ""bytes"": 15903625}]",[],"[{""method"": ""int8_ptq_zlib"", ""val_loss"": 2.05351088, ""val_bpb"": 1.21620481}]","[{""method"": ""int8_ptq_zlib"", ""val_loss"": 2.0535, ""val_bpb"": 1.2162, ""eval_time_ms"": 25221}]","[{""allocated_mib"": 10285, ""reserved_mib"": 10360}]",,,,int8_ptq+zlib,int8_ptq_zlib,2.05351088,25221.0,10285.0,10360.0,1.2162048090503172,2.053510875332514,8.0,20000,2.0564136505126953,1.207320076929289,2.0385093773124616,1337,0.6,2,17059912,0.04,512,8,20000,9,8.0,1024,True,4,0.1,524288,,partial,32.0,,,,,,,128.0,20260418.0,dense,4.0,dense,0.0
o2_part_lr040_wu3000_20k,o2_part_lr040_wu3000,O10_hpsweep,"Partial RoPE (LR=0.04, warmup=3000)",finished,2026-04-29T18:44:10Z,20000,1.207603015544357,1.207603015544357,1.21616318,1.2161631771711727,15905727.0,15.905727,,,,,67224578.0,-0.008236822828827206,41,1.2244,[67224578],[],"[{""method"": ""int8_ptq+zlib"", ""bytes"": 15905727}]",[],"[{""method"": ""int8_ptq_zlib"", ""val_loss"": 2.05344058, ""val_bpb"": 1.21616318}]","[{""method"": ""int8_ptq_zlib"", ""val_loss"": 2.0534, ""val_bpb"": 1.2162, ""eval_time_ms"": 25208}]","[{""allocated_mib"": 10285, ""reserved_mib"": 10360}]",,,,int8_ptq+zlib,int8_ptq_zlib,2.05344058,25208.0,10285.0,10360.0,1.2161631771711727,2.0534405816484673,8.0,20000,2.0551204681396484,1.207603015544357,2.0389871073121864,1337,0.6,2,17059912,0.04,512,8,20000,9,8.0,1024,True,4,0.1,524288,,partial,32.0,,,,,,,128.0,20260418.0,dense,4.0,dense,0.0
o2_part_lr080_wu1000_20k,o2_part_lr080_wu1000,O10_hpsweep,"Partial RoPE (LR=0.08, warmup=1000)",finished,2026-04-29T23:41:11Z,20000,1.20852848481922,1.20852848481922,1.21747352,1.217473522963848,15884698.0,15.884698,,,,,67224578.0,-0.006926477036151901,41,1.2244,[67224578],[],"[{""method"": ""int8_ptq+zlib"", ""bytes"": 15884698}]",[],"[{""method"": ""int8_ptq_zlib"", ""val_loss"": 2.05565305, ""val_bpb"": 1.21747352}]","[{""method"": ""int8_ptq_zlib"", ""val_loss"": 2.0557, ""val_bpb"": 1.2175, ""eval_time_ms"": 25304}]","[{""allocated_mib"": 10285, ""reserved_mib"": 10360}]",,,,int8_ptq+zlib,int8_ptq_zlib,2.05565305,25304.0,10285.0,10360.0,1.217473522963848,2.0556530456312454,8.0,20000,2.056358337402344,1.20852848481922,2.0405497234164605,1337,0.6,2,17059912,0.08,512,8,20000,9,8.0,1024,True,4,0.1,524288,,partial,32.0,,,,,,,128.0,20260418.0,dense,4.0,dense,0.0
o2_part_lr080_wu2000_20k,o2_part_lr080_wu2000,O10_hpsweep,"Partial RoPE (LR=0.08, warmup=2000)",finished,2026-04-30T04:14:10Z,20000,1.2088198586466326,1.2088198586466326,1.21736687,1.2173668742378858,15889147.0,15.889147,,,,,67224578.0,-0.007033125762114123,41,1.2244,[67224578],[],"[{""method"": ""int8_ptq+zlib"", ""bytes"": 15889147}]",[],"[{""method"": ""int8_ptq_zlib"", ""val_loss"": 2.05547297, ""val_bpb"": 1.21736687}]","[{""method"": ""int8_ptq_zlib"", ""val_loss"": 2.0555, ""val_bpb"": 1.2174, ""eval_time_ms"": 25201}]","[{""allocated_mib"": 10285, ""reserved_mib"": 10360}]",,,,int8_ptq+zlib,int8_ptq_zlib,2.05547297,25201.0,10285.0,10360.0,1.2173668742378858,2.055472973724791,8.0,20000,2.0570008754730225,1.2088198586466326,2.041041695918893,1337,0.6,2,17059912,0.08,512,8,20000,9,8.0,1024,True,4,0.1,524288,,partial,32.0,,,,,,,128.0,20260418.0,dense,4.0,dense,0.0
o2_part_lr080_wu3000_20k,o2_part_lr080_wu3000,O10_hpsweep,"Partial RoPE (LR=0.08, warmup=3000)",finished,2026-04-30T08:58:39Z,20000,1.2092705378517548,1.2092705378517548,1.218066,1.218066000678756,15897143.0,15.897143,,,,,67224578.0,-0.006333999321243899,41,1.2244,[67224578],[],"[{""method"": ""int8_ptq+zlib"", ""bytes"": 15897143}]",[],"[{""method"": ""int8_ptq_zlib"", ""val_loss"": 2.05665342, ""val_bpb"": 1.218066}]","[{""method"": ""int8_ptq_zlib"", ""val_loss"": 2.0567, ""val_bpb"": 1.2181, ""eval_time_ms"": 25223}]","[{""allocated_mib"": 10285, ""reserved_mib"": 10360}]",,,,int8_ptq+zlib,int8_ptq_zlib,2.05665342,25223.0,10285.0,10360.0,1.218066000678756,2.056653419434985,8.0,20000,2.0590951442718506,1.2092705378517548,2.0418026488785572,1337,0.6,2,17059912,0.08,512,8,20000,9,8.0,1024,True,4,0.1,524288,,partial,32.0,,,,,,,128.0,20260418.0,dense,4.0,dense,0.0
o2_part_s123_20k,o2_part,O2_posenc,Partial RoPE,finished,2026-04-27T10:08:42Z,20000,1.2084403221774265,1.2084403221774265,1.21696369,1.2169636860531592,15873142.0,15.873142,,,,,,-0.007436313946840745,41,1.2244,[],[],"[{""method"": ""int8+zlib"", ""bytes"": 15873142}]",[],"[{""method"": ""int8_zlib"", ""val_loss"": 2.05479221, ""val_bpb"": 1.21696369}]","[{""method"": ""int8_zlib"", ""val_loss"": 2.0548, ""val_bpb"": 1.217, ""eval_time_ms"": 25222}]","[{""allocated_mib"": 10285, ""reserved_mib"": 10372}]",,,,int8+zlib,int8_zlib,2.05479221,25222.0,10285.0,10372.0,1.2169636860531592,2.0547922073637475,,20000,2.0585830211639404,1.2084403221774265,2.0404008644887752,123,0.6,2,17059912,0.04,512,8,20000,9,,1024,,4,,524288,partial,partial,32.0,,,,,,,,,,,,
o2_part_s42_20k,o2_part,O2_posenc,Partial RoPE,finished,2026-04-27T05:47:37Z,20000,1.2078242585002563,1.2078242585002563,1.21616834,1.216168335262954,15880770.0,15.88077,,,,,,-0.008231664737045952,41,1.2244,[],[],"[{""method"": ""int8+zlib"", ""bytes"": 15880770}]",[],"[{""method"": ""int8_zlib"", ""val_loss"": 2.05344929, ""val_bpb"": 1.21616834}]","[{""method"": ""int8_zlib"", ""val_loss"": 2.0534, ""val_bpb"": 1.2162, ""eval_time_ms"": 25078}]","[{""allocated_mib"": 10311, ""reserved_mib"": 10532}]",,,,int8+zlib,int8_zlib,2.05344929,25078.0,10311.0,10532.0,1.216168335262954,2.0534492908703763,,20000,2.0569941997528076,1.2078242585002563,2.039360666775732,42,0.6,2,17059912,0.04,512,8,20000,9,,1024,,4,,524288,partial,partial,32.0,,,,,,,,,,,,
o2_partial_s1337,o2_part,O2_posenc,Partial RoPE,finished,2026-04-17T03:33:47Z,5000,1.2537603568282054,1.2537603568282054,1.25809451,1.2580945144835378,15853345.0,15.853345,,,,,,0.033694514483537885,11,1.2244,[],[],"[{""method"": ""int8+zlib"", ""bytes"": 15853345}]",[],"[{""method"": ""int8_zlib"", ""val_loss"": 2.12423989, ""val_bpb"": 1.25809451}]","[{""method"": ""int8_zlib"", ""val_loss"": 2.1242, ""val_bpb"": 1.2581, ""eval_time_ms"": 25237}]","[{""allocated_mib"": 10220, ""reserved_mib"": 10508}]",,,,int8+zlib,int8_zlib,2.12423989,25237.0,10220.0,10508.0,1.2580945144835378,2.124239888268061,,5000,2.1917595863342285,1.2537603568282054,2.116921844617518,1337,0.6,2,17059912,0.04,512,8,5000,9,,1024,,4,,524288,partial,partial,32.0,,,,,,,,,,,,
o2_rope_20k,o2_rope,O2_posenc,"RoPE (full, baseline)",finished,2026-04-20T00:28:18Z,20000,1.208521798185665,1.208521798185665,1.21737051,1.2173705058208262,15875466.0,15.875466,,,,,,-0.007029494179173756,41,1.2244,[],[],"[{""method"": ""int8+zlib"", ""bytes"": 15875466}]",[],"[{""method"": ""int8_zlib"", ""val_loss"": 2.05547911, ""val_bpb"": 1.21737051}]","[{""method"": ""int8_zlib"", ""val_loss"": 2.0555, ""val_bpb"": 1.2174, ""eval_time_ms"": 25158}]","[{""allocated_mib"": 10312, ""reserved_mib"": 10500}]",,,,int8+zlib,int8_zlib,2.05547911,25158.0,10312.0,10500.0,1.2173705058208262,2.0554791055004658,,20000,2.0587077140808105,1.208521798185665,2.0405384333157945,1337,0.6,2,17059912,0.04,512,8,20000,9,,1024,,4,,524288,rope,rope,32.0,,,,,,,,,,,,
o2_rope_20k,o2_rope,O2_posenc,"RoPE (full, baseline)",crashed,2026-04-19T04:11:10Z,10500,1.2489731010246563,1.2489731010246563,,,,,,,,,,0.024573101024656374,22,1.2244,,,,,,,,,,,,,,,,,,,,10800,2.157402992248535,1.2489731010246563,2.108838763723221,1337,0.6,2,17059912,0.04,512,8,20000,9,,1024,,4,,524288,,rope,32.0,,,,,,,,,,,,
o2_rope_s1337,o2_rope,O2_posenc,"RoPE (full, baseline)",finished,2026-04-16T20:11:24Z,5000,1.253526678593934,1.253526678593934,1.25823955,1.25823955365165,15847761.0,15.847761,,,,,,0.033839553651650034,11,1.2244,[],[],"[{""method"": ""int8+zlib"", ""bytes"": 15847761}]",[],"[{""method"": ""int8_zlib"", ""val_loss"": 2.12448478, ""val_bpb"": 1.25823955}]","[{""method"": ""int8_zlib"", ""val_loss"": 2.1245, ""val_bpb"": 1.2582, ""eval_time_ms"": 24288}]","[{""allocated_mib"": 10221, ""reserved_mib"": 10510}]",,,,int8+zlib,int8_zlib,2.12448478,24288.0,10221.0,10510.0,1.25823955365165,2.1244847808279745,,5000,2.1918411254882812,1.253526678593934,2.1165272887073345,1337,0.6,2,17059912,0.04,512,8,5000,9,,1024,,4,,524288,rope,rope,32.0,,,,,,,,,,,,
o3_adaf_s1337,o3_adaf,O3_optim,Adafactor,finished,2026-04-17T06:48:02Z,5000,1.4878635566496188,1.4878635566496188,1.48953522,1.4895352175655594,14892674.0,14.892674,,,,,,0.26513521756555947,11,1.2244,[],[],"[{""method"": ""int8+zlib"", ""bytes"": 14892674}]",[],"[{""method"": ""int8_zlib"", ""val_loss"": 2.51501782, ""val_bpb"": 1.48953522}]","[{""method"": ""int8_zlib"", ""val_loss"": 2.515, ""val_bpb"": 1.4895, ""eval_time_ms"": 24071}]","[{""allocated_mib"": 10187, ""reserved_mib"": 10494}]",,,,int8+zlib,int8_zlib,2.51501782,24071.0,10187.0,10494.0,1.4895352175655594,2.5150178207650145,,5000,2.595754861831665,1.4878635566496188,2.5121952913314787,1337,,2,17059912,0.04,512,8,5000,9,,1024,,4,,524288,,,,,adafactor,0.0003,0.1,0.01,adafactor,,,,,,
o3_adamw_s1337,o3_adamw,O3_optim,AdamW,finished,2026-04-17T05:45:03Z,5000,1.4065493650532688,1.4065493650532688,1.44092209,1.4409220880720262,8721075.0,8.721075,,,,,,0.21652208807202622,11,1.2244,[],[],"[{""method"": ""int8+zlib"", ""bytes"": 8721075}]",[],"[{""method"": ""int8_zlib"", ""val_loss"": 2.43293659, ""val_bpb"": 1.44092209}]","[{""method"": ""int8_zlib"", ""val_loss"": 2.4329, ""val_bpb"": 1.4409, ""eval_time_ms"": 24028}]","[{""allocated_mib"": 10316, ""reserved_mib"": 10550}]",,,,int8+zlib,int8_zlib,2.43293659,24028.0,10316.0,10550.0,1.4409220880720262,2.4329365879364175,,5000,2.452975273132324,1.4065493650532688,2.374899684934096,1337,,2,17059912,0.04,512,8,5000,9,,1024,,4,,524288,,,,,adamw,0.0003,0.1,0.01,adamw,,,,,,
o3_muon_20k,o3_muon,O3_optim,Muon (baseline),finished,2026-04-19T15:40:59Z,20000,1.2089099098738167,1.2089099098738167,1.21681203,1.2168120349617784,15876864.0,15.876864,,,,,,-0.007587965038221567,41,1.2244,[],[],"[{""method"": ""int8+zlib"", ""bytes"": 15876864}]",[],"[{""method"": ""int8_zlib"", ""val_loss"": 2.05453615, ""val_bpb"": 1.21681203}]","[{""method"": ""int8_zlib"", ""val_loss"": 2.0545, ""val_bpb"": 1.2168, ""eval_time_ms"": 25127}]","[{""allocated_mib"": 10312, ""reserved_mib"": 10500}]",,,,int8+zlib,int8_zlib,2.05453615,25127.0,10312.0,10500.0,1.2168120349617784,2.054536150848357,,20000,2.0582284927368164,1.2089099098738167,2.041193743643901,1337,,2,17059912,0.04,512,8,20000,9,,1024,,4,,524288,,,,,muon,0.0003,0.1,0.01,muon,,,,,,
o3_muon_s123_20k,o3_muon,O3_optim,Muon (baseline),finished,2026-04-28T11:46:49Z,20000,1.2116568613857859,1.2116568613857859,1.21959686,1.21959686187513,15872118.0,15.872118,,,,,,-0.004803138124869877,41,1.2244,[],[],"[{""method"": ""int8+zlib"", ""bytes"": 15872118}]",[],"[{""method"": ""int8_zlib"", ""val_loss"": 2.05923821, ""val_bpb"": 1.21959686}]","[{""method"": ""int8_zlib"", ""val_loss"": 2.0592, ""val_bpb"": 1.2196, ""eval_time_ms"": 25155}]","[{""allocated_mib"": 10286, ""reserved_mib"": 10552}]",,,,int8+zlib,int8_zlib,2.05923821,25155.0,10286.0,10552.0,1.21959686187513,2.059238214439893,,20000,2.0626840591430664,1.211656861385786,2.0458318562067386,123,,2,17059912,0.04,512,8,20000,9,,1024,,4,,524288,,,,,muon,0.0003,0.1,0.01,muon,,,,,,
o3_muon_s1337,o3_muon,O3_optim,Muon (baseline),finished,2026-04-17T04:40:57Z,5000,1.2543056220858226,1.2543056220858226,1.25897627,1.2589762705755514,15851340.0,15.85134,,,,,,0.03457627057555146,11,1.2244,[],[],"[{""method"": ""int8+zlib"", ""bytes"": 15851340}]",[],"[{""method"": ""int8_zlib"", ""val_loss"": 2.1257287, ""val_bpb"": 1.25897627}]","[{""method"": ""int8_zlib"", ""val_loss"": 2.1257, ""val_bpb"": 1.259, ""eval_time_ms"": 24295}]","[{""allocated_mib"": 10221, ""reserved_mib"": 10510}]",,,,int8+zlib,int8_zlib,2.1257287,24295.0,10221.0,10510.0,1.2589762705755514,2.1257286964941646,,5000,2.1909327507019043,1.2543056220858226,2.1178425021647715,1337,,2,17059912,0.04,512,8,5000,9,,1024,,4,,524288,,,,,muon,0.0003,0.1,0.01,muon,,,,,,
o3_muon_s42_20k,o3_muon,O3_optim,Muon (baseline),finished,2026-04-28T07:32:05Z,20000,1.2084594231119101,1.2084594231119101,1.21713253,1.2171325299149964,15871545.0,15.871545,,,,,,-0.007267470085003502,41,1.2244,[],[],"[{""method"": ""int8+zlib"", ""bytes"": 15871545}]",[],"[{""method"": ""int8_zlib"", ""val_loss"": 2.05507729, ""val_bpb"": 1.21713253}]","[{""method"": ""int8_zlib"", ""val_loss"": 2.0551, ""val_bpb"": 1.2171, ""eval_time_ms"": 24781}]","[{""allocated_mib"": 10286, ""reserved_mib"": 10360}]",,,,int8+zlib,int8_zlib,2.05507729,24781.0,10286.0,10360.0,1.2171325299149964,2.0550772931518777,,20000,2.055997610092163,1.20845942311191,2.040433115616545,42,,2,17059912,0.04,512,8,20000,9,,1024,,4,,524288,,,,,muon,0.0003,0.1,0.01,muon,,,,,,
o4_bd4_20k,o4_bd4,O4_weightparam,Block-diag g=4,finished,2026-04-20T21:11:49Z,20000,1.3699755961447153,1.3699755961447153,1.38303373,1.3830337267258666,8298899.0,8.298899,,,,,,0.15863372672586662,41,1.2244,[],[],"[{""method"": ""int8_ptq+zlib"", ""bytes"": 8298899}]",[],"[{""method"": ""int8_ptq_zlib"", ""val_loss"": 2.33519451, ""val_bpb"": 1.38303373}]","[{""method"": ""int8_ptq_zlib"", ""val_loss"": 2.3352, ""val_bpb"": 1.383, ""eval_time_ms"": 20112}]","[{""allocated_mib"": 10640, ""reserved_mib"": 10800}]",,,,int8_ptq+zlib,int8_ptq_zlib,2.33519451,20112.0,10640.0,10800.0,1.3830337267258666,2.335194514648333,8.0,20000,2.330369710922241,1.369975596144715,2.3131464081449185,1337,0.6,2,4673608,0.04,512,8,20000,9,8.0,1024,True,4,0.1,524288,,,,,,,,,,128.0,20260418.0,blockdiag,4.0,blockdiag,
o4_dense_20k,o4_dense,O4_weightparam,Dense (O4 baseline),crashed,2026-04-20T13:39:45Z,0,4.106944294194635,4.106944294194635,,,,,,,,,,2.882544294194635,1,1.2244,,,,,,,,,,,,,,,,,,,,200,2.786734819412231,4.106944294194635,6.934403407842948,1337,0.6,2,17059912,0.04,512,8,20000,9,8.0,1024,True,4,0.1,524288,,,,,,,,,,128.0,20260418.0,dense,4.0,,
o4_lr128_20k,o4_lr128,O4_weightparam,Low-rank r=128,finished,2026-04-20T13:48:07Z,20000,1.291544594647692,1.291544594647692,1.30136887,1.3013688681360593,12702492.0,12.702492,,,,,,0.07696886813605941,41,1.2244,[],[],"[{""method"": ""int8_ptq+zlib"", ""bytes"": 12702492}]",[],"[{""method"": ""int8_ptq_zlib"", ""val_loss"": 2.19730682, ""val_bpb"": 1.30136887}]","[{""method"": ""int8_ptq_zlib"", ""val_loss"": 2.1973, ""val_bpb"": 1.3014, ""eval_time_ms"": 22604}]","[{""allocated_mib"": 11091, ""reserved_mib"": 11288}]",,,,int8_ptq+zlib,int8_ptq_zlib,2.19730682,22604.0,11091.0,11288.0,1.3013688681360591,2.197306821721341,8.0,20000,2.197360038757324,1.291544594647692,2.180718947458324,1337,0.6,2,8212552,0.04,512,8,20000,9,8.0,1024,True,4,0.1,524288,,,,,,,,,,128.0,20260418.0,lowrank,4.0,lowrank,
o4_rp128_12L_20k,o4_rp128,O4_weightparam,RandProj k=128,finished,2026-04-21T06:16:08Z,20000,1.347189212543737,1.347189212543737,1.36011734,1.3601173365494594,9408086.0,9.408086,,,,,,0.1357173365494595,41,1.2244,[],[],"[{""method"": ""int8_ptq+zlib"", ""bytes"": 9408086}]",[],"[{""method"": ""int8_ptq_zlib"", ""val_loss"": 2.29650115, ""val_bpb"": 1.36011734}]","[{""method"": ""int8_ptq_zlib"", ""val_loss"": 2.2965, ""val_bpb"": 1.3601, ""eval_time_ms"": 29896}]","[{""allocated_mib"": 14074, ""reserved_mib"": 14248}]",,,,int8_ptq+zlib,int8_ptq_zlib,2.29650115,29896.0,14074.0,14248.0,1.3601173365494594,2.2965011497640404,8.0,20000,2.2909953594207764,1.347189212543737,2.2746725539174832,1337,0.6,2,6057056,0.04,512,8,20000,12,8.0,1024,True,4,0.1,524288,,,,,,,,,,128.0,20260418.0,randproj,4.0,randproj,
o4_rp128_20k,o4_rp128,O4_weightparam,RandProj k=128,finished,2026-04-20T17:39:29Z,20000,1.3838170593806218,1.3838170593806218,1.39581739,1.3958173881564178,7189095.0,7.189095,,,,,,0.17141738815641783,41,1.2244,[],[],"[{""method"": ""int8_ptq+zlib"", ""bytes"": 7189095}]",[],"[{""method"": ""int8_ptq_zlib"", ""val_loss"": 2.35677919, ""val_bpb"": 1.39581739}]","[{""method"": ""int8_ptq_zlib"", ""val_loss"": 2.3568, ""val_bpb"": 1.3958, ""eval_time_ms"": 22251}]","[{""allocated_mib"": 10676, ""reserved_mib"": 10840}]",,,,int8_ptq+zlib,int8_ptq_zlib,2.35677919,22251.0,10676.0,10840.0,1.3958173881564178,2.3567791914880045,8.0,20000,2.351883888244629,1.3838170593806218,2.3365171390234156,1337,0.6,2,4673608,0.04,512,8,20000,9,8.0,1024,True,4,0.1,524288,,,,,,,,,,128.0,20260418.0,randproj,4.0,randproj,
o8_qk3p0_20k,o8_qk3p0,O8_qkgain,QK-Gain=3.0,finished,2026-04-24T14:37:43Z,20000,1.2064627465360667,1.2064627465360667,1.2153656,1.2153656036438785,15906279.0,15.906279,,,,,67224578.0,-0.009034396356121466,41,1.2244,[67224578],[],"[{""method"": ""int8_ptq+zlib"", ""bytes"": 15906279}]",[],"[{""method"": ""int8_ptq_zlib"", ""val_loss"": 2.05209391, ""val_bpb"": 1.2153656}]","[{""method"": ""int8_ptq_zlib"", ""val_loss"": 2.0521, ""val_bpb"": 1.2154, ""eval_time_ms"": 25334}]","[{""allocated_mib"": 10311, ""reserved_mib"": 10532}]",,,,int8_ptq+zlib,int8_ptq_zlib,2.05209391,25334.0,10311.0,10532.0,1.2153656036438785,2.0520939121566286,8.0,20000,2.056091785430908,1.2064627465360669,2.037061810855616,1337,0.6,2,17059912,0.04,512,8,20000,9,8.0,1024,True,4,0.1,524288,,partial,32.0,,,,,,,128.0,20260418.0,dense,4.0,dense,0.0
o8_qk5p0_20k,o8_qk5p0,O8_qkgain,QK-Gain=5.0,finished,2026-04-24T19:00:49Z,20000,1.208305178818711,1.208305178818711,1.21649058,1.2164905767993306,15905962.0,15.905962,,,,,67224578.0,-0.007909423200669341,41,1.2244,[67224578],[],"[{""method"": ""int8_ptq+zlib"", ""bytes"": 15905962}]",[],"[{""method"": ""int8_ptq_zlib"", ""val_loss"": 2.05399338, ""val_bpb"": 1.21649058}]","[{""method"": ""int8_ptq_zlib"", ""val_loss"": 2.054, ""val_bpb"": 1.2165, ""eval_time_ms"": 25192}]","[{""allocated_mib"": 10285, ""reserved_mib"": 10360}]",,,,int8_ptq+zlib,int8_ptq_zlib,2.05399338,25192.0,10285.0,10360.0,1.2164905767993306,2.053993382206399,8.0,20000,2.0584349632263184,1.208305178818711,2.040172680588509,1337,0.6,2,17059912,0.04,512,8,20000,9,8.0,1024,True,4,0.1,524288,,partial,32.0,,,,,,,128.0,20260418.0,dense,4.0,dense,0.0
stacked_int8_safe_11L_mlp2_20k,stacked_int8_safe_11L_mlp2,O5_stacked,Partial RoPE + INT8 + 11L + MLP=2 (hedge),finished,2026-04-23T20:12:19Z,20000,1.1868817154076363,1.1868817154076363,1.19439786,1.1943978556702972,19303447.0,19.303447,OVER,True,,,81930402.0,-0.030002144329702718,41,1.2244,[81930402],[],"[{""method"": ""int8_ptq+zlib"", ""bytes"": 19303447}]","[{""limit_bytes"": 16000000, ""status"": ""OVER""}]","[{""method"": ""int8_ptq_zlib"", ""val_loss"": 2.01669075, ""val_bpb"": 1.19439786}]","[{""method"": ""int8_ptq_zlib"", ""val_loss"": 2.0167, ""val_bpb"": 1.1944, ""eval_time_ms"": 30321}]","[{""allocated_mib"": 12342, ""reserved_mib"": 12544}]",,,,int8_ptq+zlib,int8_ptq_zlib,2.01669075,30321.0,12342.0,12544.0,1.1943978556702972,2.016690748006503,8.0,20000,2.023212194442749,1.1868817154076363,2.00400006001132,1337,0.6,2,20734552,0.04,512,8,20000,11,8.0,1024,True,4,0.1,524288,,partial,32.0,16000000.0,,,,,,128.0,20260418.0,dense,4.0,dense,0.0
stacked_int8_safe_11L_mlp2_slide256_20k,stacked_int8_safe_11L_mlp2_slide256,O5_stacked,Partial RoPE + INT8 + 11L + MLP=2 + slide256,finished,2026-04-24T08:14:54Z,20000,1.1523587785883067,1.1523587785883067,1.15987925,1.1598792493619816,19301471.0,19.301471,OVER,True,,,81930402.0,-0.06452075063801832,41,1.2244,[81930402],[],"[{""method"": ""int8_ptq+zlib"", ""bytes"": 19301471}]","[{""limit_bytes"": 16000000, ""status"": ""OVER""}]","[{""method"": ""int8_ptq_zlib"", ""val_loss"": 1.95840749, ""val_bpb"": 1.15987925}]","[{""method"": ""int8_ptq_zlib"", ""val_loss"": 1.9584, ""val_bpb"": 1.1599, ""eval_time_ms"": 126176}]","[{""allocated_mib"": 12335, ""reserved_mib"": 12384}]",,,,int8_ptq+zlib,int8_ptq_zlib,1.95840749,126176.0,12335.0,12384.0,1.1598792493619816,1.9584074882925024,8.0,20000,2.02123498916626,1.1523587785883067,1.945709488663014,1337,0.6,2,20734552,0.04,512,8,20000,11,8.0,1024,True,4,0.1,524288,,partial,32.0,16000000.0,,,,,,128.0,20260418.0,dense,4.0,dense,256.0
stacked_tq4_big_11L_mlp3_20k_v2,stacked_tq4_big_11L_mlp3,O5_stacked,Partial RoPE + TQ4 + 11L + MLP=3,finished,2026-04-23T14:22:12Z,20000,1.1612214033488872,1.1612214033488872,3.59906425,3.599064248474712,12914344.0,12.914344,,,,,104999074.0,2.374664248474712,41,1.2244,[104999074],[],"[{""method"": ""tq4_turboquant+zlib"", ""bytes"": 12914344}]",[],"[{""method"": ""tq4_turboquant_zlib"", ""val_loss"": 6.07686922, ""val_bpb"": 3.59906425}]","[{""method"": ""tq4_turboquant_zlib"", ""val_loss"": 6.0769, ""val_bpb"": 3.5991, ""eval_time_ms"": 34867}]","[{""allocated_mib"": 13970, ""reserved_mib"": 14068}]",,,,tq4_turboquant+zlib,tq4_turboquant_zlib,6.07686922,34867.0,13970.0,14068.0,3.599064248474712,6.076869224875343,4.0,20000,1.977707862854004,1.1612214033488872,1.9606736979669095,1337,0.6,3,26501720,0.04,512,8,20000,11,4.0,1024,True,4,0.1,524288,,partial,32.0,,,,,,,128.0,20260418.0,dense,4.0,dense,0.0
stacked_v1_pr_int6_11L_mlp3_20k,stacked_v1_pr_int6_11L_mlp3,O5_stacked,Partial RoPE + INT6 + 11L + MLP=3,finished,2026-04-21T13:27:24Z,20000,1.1613539084641966,1.1613539084641966,1.28159367,1.2815936729052104,18515011.0,18.515011,OVER,True,,,,0.05719367290521049,41,1.2244,[],[],"[{""method"": ""int6_qat+zlib"", ""bytes"": 18515011}]","[{""limit_bytes"": 16000000, ""status"": ""OVER""}]","[{""method"": ""int6_qat_zlib"", ""val_loss"": 2.16391723, ""val_bpb"": 1.28159367}]","[{""method"": ""int6_qat_zlib"", ""val_loss"": 2.1639, ""val_bpb"": 1.2816, ""eval_time_ms"": 34905}]","[{""allocated_mib"": 14063, ""reserved_mib"": 14296}]",,,,int6_qat+zlib,int6_qat_zlib,2.16391723,34905.0,14063.0,14296.0,1.2815936729052104,2.163917232923315,6.0,20000,1.977989196777344,1.1613539084641966,1.9608974273036957,1337,0.6,3,26501720,0.04,512,8,20000,11,6.0,1024,True,4,0.1,524288,,partial,32.0,16000000.0,,,,,,128.0,20260418.0,dense,4.0,dense,0.0
stacked_v1_pr_int6_11L_mlp3_20k_v2,stacked_v1_pr_int6_11L_mlp3,O5_stacked,Partial RoPE + INT6 + 11L + MLP=3,finished,2026-05-03T02:48:05Z,20000,1.1618124042359195,1.1618124042359195,1.28013273,1.2801327306284385,18515898.0,18.515898,OVER,True,,,104999074.0,0.05573273062843853,41,1.2244,[104999074],[],"[{""method"": ""int6_qat+zlib"", ""bytes"": 18515898}]","[{""limit_bytes"": 16000000, ""status"": ""OVER""}]","[{""method"": ""int6_qat_zlib"", ""val_loss"": 2.16145049, ""val_bpb"": 1.28013273}]","[{""method"": ""int6_qat_zlib"", ""val_loss"": 2.1615, ""val_bpb"": 1.2801, ""eval_time_ms"": 35286}]","[{""allocated_mib"": 14063, ""reserved_mib"": 14296}]",,,,int6_qat+zlib,int6_qat_zlib,2.16145049,35286.0,14063.0,14296.0,1.2801327306284385,2.16145049308537,6.0,20000,1.9775269031524656,1.1618124042359197,1.9616715782086425,1337,0.6,3,26501720,0.04,512,8,20000,11,6.0,1024,True,4,0.1,524288,,partial,32.0,16000000.0,,,,,,128.0,20260418.0,dense,4.0,dense,0.0
